"","SettlementPoint","Year","Month","Mean","Min","Max","SD","Volatility"
"1","HB_BUSAVG",2016,1,19.2093010752688,5.12,54.69,5.48521039009743,0.162600138768402
"2","HB_HOUSTON",2016,1,19.5657258064516,5.19,54.55,5.648747381729,0.166627691144379
"3","HB_HUBAVG",2016,1,19.2586962365591,5.13,54.53,5.51231683823601,0.163371800495399
"4","HB_NORTH",2016,1,19.1333064516129,5.09,55.56,5.46548200016404,0.161648724450723
"5","HB_SOUTH",2016,1,19.2100537634409,5.18,54.4,5.45822490456512,0.163099873906445
"6","HB_WEST",2016,1,19.1265591397849,4.84,55.96,5.55280807447687,0.163435384132828
"7","LZ_AEN",2016,1,19.3246639784946,5.35,55.02,5.49965795045457,0.162460211492101
"8","LZ_CPS",2016,1,19.3538440860215,5.28,56.19,5.54837963395335,0.163388320405959
"9","LZ_HOUSTON",2016,1,19.563938172043,5.19,54.94,5.6546752606172,0.166564007282366
"10","LZ_LCRA",2016,1,19.3174596774194,5.47,55.4,5.49798011347042,0.162578648669104
"11","LZ_NORTH",2016,1,19.187997311828,5.08,56.21,5.53281583201071,0.162193555751902
"12","LZ_RAYBN",2016,1,19.4479435483871,5.08,57.38,5.87173439536646,0.163550079343348
"13","LZ_SOUTH",2016,1,19.4817204301075,5.06,58.16,5.7107206445197,0.165176360296305
"14","LZ_WEST",2016,1,19.5192607526882,4.47,56.26,5.9723670202228,0.167717548311407
"15","HB_BUSAVG",2016,2,15.2882471264368,1.79,50.98,5.77717217692724,0.222526372219657
"16","HB_HOUSTON",2016,2,15.4645402298851,2.1,50.75,5.81165606889529,0.220844867149513
"17","HB_HUBAVG",2016,2,15.2692528735632,1.52,50.9,5.81259253336965,0.226253909005208
"18","HB_NORTH",2016,2,15.292658045977,2,51.26,5.74195344177428,0.219466938278411
"19","HB_SOUTH",2016,2,15.333591954023,2.02,50.25,5.7663100204519,0.221193790069236
"20","HB_WEST",2016,2,14.9886637931034,-0.61,51.36,6.01730454932441,0.278258546003897
"21","LZ_AEN",2016,2,15.4482902298851,2.24,51.51,5.74245149381437,0.216371361195192
"22","LZ_CPS",2016,2,15.5200143678161,2.16,52.06,5.80693657395136,0.21742745085175
"23","LZ_HOUSTON",2016,2,15.4879885057471,2.1,50.75,5.82098903607807,0.220774052064871
"24","LZ_LCRA",2016,2,15.4885488505747,2.37,51.55,5.73298029570934,0.214748652522242
"25","LZ_NORTH",2016,2,15.4622126436782,2.28,51.39,5.72711950556094,0.216225311468366
"26","LZ_RAYBN",2016,2,15.4004310344828,2.32,53.35,5.7534661271109,0.214968253868597
"27","LZ_SOUTH",2016,2,15.9358620689655,1.59,52.27,6.3290566520366,0.225691106387347
"28","LZ_WEST",2016,2,15.0444827586207,-0.86,51.61,6.09731232378685,NA
"29","HB_BUSAVG",2016,3,16.7556258411844,1.22,64.31,7.36849687553914,0.21265702856513
"30","HB_HOUSTON",2016,3,17.1249528936743,1.36,72.32,7.70473596551609,0.212203877381837
"31","HB_HUBAVG",2016,3,16.6543472409152,1.05,65.81,7.42626085008418,0.215301685813205
"32","HB_NORTH",2016,3,16.8593674293405,1.46,60.79,7.2599443467133,0.209815782183444
"33","HB_SOUTH",2016,3,16.7631090174966,1,69.59,7.56257022138164,0.216452866955529
"34","HB_WEST",2016,3,15.871668909825,0.38,60.57,7.38101028616065,0.237672123159118
"35","LZ_AEN",2016,3,16.8550740242261,1.32,65.27,7.36040783278097,0.212243184569102
"36","LZ_CPS",2016,3,16.8981830417227,1.31,68.18,7.47878001199382,0.212362864855739
"37","LZ_HOUSTON",2016,3,17.2067294751009,1.35,73.24,7.80524622733359,0.212361126381609
"38","LZ_LCRA",2016,3,16.7962987886945,1.34,66.31,7.39886218411316,0.212269957227744
"39","LZ_NORTH",2016,3,17.4615074024226,1.48,62.31,7.4469997134928,0.21133744557636
"40","LZ_RAYBN",2016,3,17.1172409152086,1.86,61.55,7.32729121538711,0.206401285306863
"41","LZ_SOUTH",2016,3,19.5211440107672,0.56,100,12.3250235850247,0.233364287277471
"42","LZ_WEST",2016,3,16.0026514131898,0.46,60.97,7.44747469607476,0.233296765734141
"43","HB_BUSAVG",2016,4,18.2893472222222,1.18,93.09,9.50614273208801,0.22877198810194
"44","HB_HOUSTON",2016,4,18.9409583333333,1.26,99,10.26543554616,0.230417730127219
"45","HB_HUBAVG",2016,4,18.1668611111111,1.07,94.38,9.5742841350331,0.232100023240519
"46","HB_NORTH",2016,4,18.3506666666667,1.3,90.11,9.31411720180484,0.225823779791418
"47","HB_SOUTH",2016,4,18.5129027777778,1.17,99,9.96218928475032,0.231212639419799
"48","HB_WEST",2016,4,16.86275,-0.05,90.43,9.27089362704318,0.295144602428343
"49","LZ_AEN",2016,4,18.2560694444444,1.17,88.34,9.34557403642361,0.228690775215969
"50","LZ_CPS",2016,4,19.0693611111111,1.14,114.4,11.0938829206038,0.231920460898308
"51","LZ_HOUSTON",2016,4,19.1289305555556,1.26,106.23,10.7659090467531,0.23171604335841
"52","LZ_LCRA",2016,4,18.3927083333333,1.15,92.5,9.68222846298248,0.229687344942899
"53","LZ_NORTH",2016,4,19.0876388888889,1.57,90.61,9.79312544396382,0.221915412905589
"54","LZ_RAYBN",2016,4,18.8553611111111,1.45,90.56,9.70604420796923,0.223075848443656
"55","LZ_SOUTH",2016,4,20.738,1.04,120,13.178488937716,0.245732080700842
"56","LZ_WEST",2016,4,17.1536666666667,0.33,91.7,9.37929180538246,0.260033428550519
"57","HB_BUSAVG",2016,5,18.1595833333333,3.03,73.61,8.01722081337637,0.172573850681685
"58","HB_HOUSTON",2016,5,19.1740860215054,3.04,73.62,9.38017837807119,0.180201684684242
"59","HB_HUBAVG",2016,5,18.247002688172,2.64,73.06,8.214961649766,0.176095579596213
"60","HB_NORTH",2016,5,17.9056317204301,3.55,74.68,7.66682611970472,0.168743442169881
"61","HB_SOUTH",2016,5,18.5704569892473,2.77,71.92,8.66136832558022,0.178812360575052
"62","HB_WEST",2016,5,17.3376747311828,1.06,71.97,7.64855069244267,0.195227449868064
"63","LZ_AEN",2016,5,18.1249059139785,2.8,76.57,7.97765980600632,0.173846943368848
"64","LZ_CPS",2016,5,18.4798655913979,2.77,72.34,8.10097509928891,0.173258830353715
"65","LZ_HOUSTON",2016,5,19.9039919354839,3.03,76.88,10.6398559252604,0.189205019809086
"66","LZ_LCRA",2016,5,18.1827822580645,2.78,73.75,8.00522745939277,0.173186496399829
"67","LZ_NORTH",2016,5,18.1828897849462,4.18,76.8,7.86262678641513,0.166507020532713
"68","LZ_RAYBN",2016,5,18.3209946236559,4.31,75.95,7.88706517819774,0.16439789997006
"69","LZ_SOUTH",2016,5,20.691747311828,2.76,100,12.251857833054,0.196510173679416
"70","LZ_WEST",2016,5,17.7375268817204,1.43,73.98,8.08538079313127,0.190227038339058
"71","HB_BUSAVG",2016,6,23.9098194444444,4.02,110.72,11.3054362885862,0.147429578960215
"72","HB_HOUSTON",2016,6,26.2557361111111,4.31,141,15.3243472685475,0.16400868803198
"73","HB_HUBAVG",2016,6,24.2978472222222,4.15,115.88,11.8617347261588,0.149288612697168
"74","HB_NORTH",2016,6,23.1580555555556,3.64,101,10.3784402797081,0.145708671942049
"75","HB_SOUTH",2016,6,24.645375,4.93,119.5,11.9845162564412,0.152975842530274
"76","HB_WEST",2016,6,23.1419305555556,3.73,102.08,10.2866374977672,0.14498179292891
"77","LZ_AEN",2016,6,24.2375138888889,8.23,110.8,11.5832864612424,0.141316891059992
"78","LZ_CPS",2016,6,24.9580694444444,5.22,109.62,11.2062742345743,0.14894065352208
"79","LZ_HOUSTON",2016,6,29.9150833333333,4.32,174.68,22.4801093782141,0.196981800504329
"80","LZ_LCRA",2016,6,24.1644166666667,4.64,109.44,11.1212005407382,0.146183130150291
"81","LZ_NORTH",2016,6,23.5626805555556,3.64,104.06,11.0626015047811,0.148882596216215
"82","LZ_RAYBN",2016,6,23.3159444444444,3.65,100.54,10.5734168832321,0.147189851744668
"83","LZ_SOUTH",2016,6,27.4716527777778,4.94,141.69,15.8318152125764,0.178782940969557
"84","LZ_WEST",2016,6,23.4887638888889,3.76,107.61,10.7837908161733,0.145741174031603
"85","HB_BUSAVG",2016,7,27.1874731182796,7.61,99.29,12.4060658354998,0.154530762592675
"86","HB_HOUSTON",2016,7,29.5389247311828,10.08,101.38,14.9788766808968,0.159561801337147
"87","HB_HUBAVG",2016,7,27.4592069892473,5.86,99.3,12.7937370819622,0.157828082673881
"88","HB_NORTH",2016,7,26.8007930107527,9.02,98.94,11.6672873275213,0.150424199942087
"89","HB_SOUTH",2016,7,26.9602553763441,-27.74,100.15,14.2239264545327,NA
"90","HB_WEST",2016,7,26.543561827957,9.03,96.73,11.5483326572158,0.150909097889392
"91","LZ_AEN",2016,7,27.9761021505376,9.29,98.6,12.6131217909728,0.149608743705624
"92","LZ_CPS",2016,7,27.9679569892473,9.4,97.14,12.7277573592203,0.151670347805997
"93","LZ_HOUSTON",2016,7,29.9118682795699,10.06,106.26,15.6554964269942,0.163080544815439
"94","LZ_LCRA",2016,7,27.5922177419355,9.31,99.41,12.6747358549027,0.150731830971539
"95","LZ_NORTH",2016,7,27.4157795698925,9.05,101.55,12.3391229528721,0.152116598801672
"96","LZ_RAYBN",2016,7,27.4710752688172,9.03,101.88,12.3830516169601,0.15335157986897
"97","LZ_SOUTH",2016,7,28.8895833333333,9.49,106.32,13.878802914915,0.152709712422919
"98","LZ_WEST",2016,7,27.1787903225806,9.05,115.9,12.8880300298451,0.152963611525782
"99","HB_BUSAVG",2016,8,30.5671370967742,13.39,230.02,27.1515580878446,0.185654778388856
"100","HB_HOUSTON",2016,8,32.9725403225806,13.49,269.69,33.1217818751932,0.197419663202152
"101","HB_HUBAVG",2016,8,30.9485349462366,13.39,232.88,28.0672077499525,0.18716024879886
"102","HB_NORTH",2016,8,29.8283870967742,13.37,223.94,25.4272238689239,0.18402208171324
"103","HB_SOUTH",2016,8,31.2079704301075,13.44,237.08,28.7069926586509,0.187679965003432
"104","HB_WEST",2016,8,29.7867338709677,13.26,224.54,25.3741682892373,0.184576873157908
"105","LZ_AEN",2016,8,30.6995161290323,13.61,235.36,26.8272988670702,0.18389275207028
"106","LZ_CPS",2016,8,31.3065725806452,13.43,235.47,28.0757271810196,0.187284134678747
"107","LZ_HOUSTON",2016,8,33.5635483870968,13.49,285,34.7563386442228,0.201722669133234
"108","LZ_LCRA",2016,8,31.1755779569892,13.43,237.06,28.9827261161621,0.189769711232308
"109","LZ_NORTH",2016,8,30.1485752688172,13.37,227.06,26.1043038609921,0.18383762301061
"110","LZ_RAYBN",2016,8,30.1497580645161,13.37,226.86,26.1100158831145,0.184590548325956
"111","LZ_SOUTH",2016,8,31.8233064516129,13.43,240.28,29.3992076157428,0.188873324839313
"112","LZ_WEST",2016,8,30.010564516129,13.37,226.91,25.7638117034296,0.18413309704326
"113","HB_BUSAVG",2016,9,26.86175,10.89,202.4,14.9042981728905,0.138079811443057
"114","HB_HOUSTON",2016,9,28.7424166666667,11.49,211.23,16.8210396432596,0.149326209260865
"115","HB_HUBAVG",2016,9,27.1881388888889,10.99,203.88,15.164137746107,0.139259463432207
"116","HB_NORTH",2016,9,26.2491805555556,10.7,200,14.5256271551724,0.137275369398961
"117","HB_SOUTH",2016,9,27.4055694444444,11.08,203.25,15.0530597468435,0.139281118914552
"118","HB_WEST",2016,9,26.35425,10.68,201.03,14.581646674594,0.136687658648949
"119","LZ_AEN",2016,9,26.7108611111111,11.13,200.12,14.4653154138583,0.136978747273149
"120","LZ_CPS",2016,9,28.13025,11,204.18,15.5345950935915,0.140912617705454
"121","LZ_HOUSTON",2016,9,29.0326805555556,11.48,214.55,17.389979398669,0.152130033419195
"122","LZ_LCRA",2016,9,27.0399444444444,11,199.29,15.735525242462,0.142728048883863
"123","LZ_NORTH",2016,9,26.6058611111111,10.73,201.47,14.9016661316599,0.139600786415829
"124","LZ_RAYBN",2016,9,26.4702638888889,10.72,200.59,14.8183305482179,0.139369574704601
"125","LZ_SOUTH",2016,9,28.7620138888889,11.16,206.79,16.3239617377286,0.147062813099975
"126","LZ_WEST",2016,9,26.7676666666667,10.69,204.46,15.1812011377002,0.138349281715729
"127","HB_BUSAVG",2016,10,25.2048387096774,2.92,274.77,16.3271195998824,0.18920705028007
"128","HB_HOUSTON",2016,10,28.2495564516129,4,284.79,18.9508199289809,0.197485849632584
"129","HB_HUBAVG",2016,10,25.7690591397849,2.96,277.51,16.8169645784579,0.190381954198155
"130","HB_NORTH",2016,10,24.0052553763441,2.71,269.05,15.3903325283028,0.190185333884039
"131","HB_SOUTH",2016,10,26.6896639784946,3.43,282.46,17.6715677235744,0.190599424074833
"132","HB_WEST",2016,10,24.113938172043,1.58,273.75,15.8058191816038,0.198868509207135
"133","LZ_AEN",2016,10,25.6229032258064,3.29,274.56,16.0997095736757,0.1849647331558
"134","LZ_CPS",2016,10,26.2502956989247,3.38,280.2,16.8289438285208,0.187350730162289
"135","LZ_HOUSTON",2016,10,28.5458198924731,3.98,287.59,19.4947350762444,0.198740169620344
"136","LZ_LCRA",2016,10,26.0684408602151,3.33,281.6,16.9847750837395,0.188671027179809
"137","LZ_NORTH",2016,10,24.5326612903226,2.85,273.64,16.0341061428127,0.190367219141502
"138","LZ_RAYBN",2016,10,24.4525134408602,3.14,274.16,15.9687353184722,0.188344296253241
"139","LZ_SOUTH",2016,10,30.0310349462366,3.68,290.71,24.1143929060267,0.206922775102894
"140","LZ_WEST",2016,10,25.1822580645161,1.5,285.76,17.1385196245533,0.198532494565413
"141","HB_BUSAVG",2016,11,19.2449027777778,2.3,48.65,6.37815155328799,0.186752762439893
"142","HB_HOUSTON",2016,11,20.3659305555556,3.05,51.61,7.43123449654213,0.19181112824692
"143","HB_HUBAVG",2016,11,19.4893055555556,2.37,49.27,6.54453612287905,0.187117886330408
"144","HB_NORTH",2016,11,18.6648888888889,1.92,47.62,6.10173153006314,0.189757462046664
"145","HB_SOUTH",2016,11,20.1488333333333,3.2,49.27,6.91830039946562,0.183474887694729
"146","HB_WEST",2016,11,18.7784166666667,0.8,48.69,6.29659594051488,0.202333169313366
"147","LZ_AEN",2016,11,19.6400416666667,3.74,48.6,6.21065244185159,0.178857665436585
"148","LZ_CPS",2016,11,21.7146666666667,2.87,59.5,8.84842465097004,0.19393704841751
"149","LZ_HOUSTON",2016,11,20.4376805555556,3.06,54.65,7.57188087657743,0.191981839689711
"150","LZ_LCRA",2016,11,19.5416805555556,2.88,48.94,6.45658860335281,0.18458582480131
"151","LZ_NORTH",2016,11,18.8305138888889,2,50.24,6.25094070359959,0.189910014209233
"152","LZ_RAYBN",2016,11,18.8753194444444,2.9,47.33,6.18233430653709,0.187076674714546
"153","LZ_SOUTH",2016,11,20.6333888888889,2.81,59.68,7.70728590966622,0.187521263594693
"154","LZ_WEST",2016,11,19.3431388888889,0.97,60.38,7.03539077623164,0.199309657200358
"155","HB_BUSAVG",2016,12,25.3183064516129,2.72,139.42,11.1053032973992,0.205362594103909
"156","HB_HOUSTON",2016,12,25.7276612903226,2.92,142.55,11.3232046153001,0.206815341760682
"157","HB_HUBAVG",2016,12,25.3625940860215,2.34,139.98,11.1980974454412,0.207703134398191
"158","HB_NORTH",2016,12,25.1490456989247,3.17,138.12,10.9417415665583,0.204157400565545
"159","HB_SOUTH",2016,12,25.7089919354839,2.72,141.49,11.367082161044,0.206526191475459
"160","HB_WEST",2016,12,24.8626612903226,0.26,137.73,11.2972559663683,0.234003888938179
"161","LZ_AEN",2016,12,25.8701747311828,3.21,136.8,11.4522609495994,0.205260877981336
"162","LZ_CPS",2016,12,26.5964247311828,2.69,142.19,12.326364520863,0.209460166702797
"163","LZ_HOUSTON",2016,12,25.7368413978495,2.91,143.23,11.3490512868146,0.206800472702842
"164","LZ_LCRA",2016,12,25.487876344086,2.58,142.23,11.374799922493,0.207528624976525
"165","LZ_NORTH",2016,12,25.28625,3.43,140.29,11.0707454413203,0.204708164681277
"166","LZ_RAYBN",2016,12,25.3195564516129,4.44,138.15,10.8486621384072,0.200406551588196
"167","LZ_SOUTH",2016,12,26.3268413978495,2.59,148.13,12.1815736273855,0.208562558181044
"168","LZ_WEST",2016,12,25.1658198924731,0.37,139.73,11.6541952023332,0.230387772413283
"169","HB_BUSAVG",2017,1,23.2527822580645,1.94,96.28,7.47161270549379,0.19586681247656
"170","HB_HOUSTON",2017,1,24.7818548387097,3.03,96.21,7.90435241709767,0.194350974421378
"171","HB_HUBAVG",2017,1,23.3255510752688,1.84,96.27,7.57770989013724,0.200314736639539
"172","HB_NORTH",2017,1,22.9918548387097,2.02,96.37,7.40032972241333,0.192684441501683
"173","HB_SOUTH",2017,1,23.624811827957,1.89,96.01,7.57572420780704,0.198483353925885
"174","HB_WEST",2017,1,21.9017204301075,-0.4,96.47,8.32926136477326,0.324048844742558
"175","LZ_AEN",2017,1,23.4044758064516,1.92,95.99,7.53980985829744,0.198420918511233
"176","LZ_CPS",2017,1,23.7725672043011,1.99,102.73,8.26379536642796,0.207226575159945
"177","LZ_HOUSTON",2017,1,24.8273655913979,3,96.36,7.94697608221884,0.194598781626816
"178","LZ_LCRA",2017,1,23.4362768817204,1.9,97.26,7.60607412817461,0.199076736117757
"179","LZ_NORTH",2017,1,23.6030241935484,2.91,96.68,7.53631169322917,0.190572108787978
"180","LZ_RAYBN",2017,1,23.3901075268817,2.43,96.42,7.17445520757044,0.185237630959755
"181","LZ_SOUTH",2017,1,25.1554838709677,1.85,142.48,10.7794063057254,0.199590431684344
"182","LZ_WEST",2017,1,23.2313709677419,0.47,97.97,9.29683529140691,0.264778158942505
"183","HB_BUSAVG",2017,2,20.1178273809524,3.56,52.7,6.53827853351192,0.18540494893902
"184","HB_HOUSTON",2017,2,23.2657142857143,4.52,58.68,8.61231960434737,0.187515311582838
"185","HB_HUBAVG",2017,2,20.3521279761905,2.34,53.19,7.06681578441384,0.197541225938163
"186","HB_NORTH",2017,2,19.4481994047619,4.77,51.8,5.93439319016184,0.177538573506116
"187","HB_SOUTH",2017,2,21.0793601190476,3.29,53.41,7.13470534116808,0.190519237860894
"188","HB_WEST",2017,2,17.616681547619,-4.3,52.13,8.35360759853845,NA
"189","LZ_AEN",2017,2,20.6053273809524,3.45,52.96,6.75811812181465,0.187235805389601
"190","LZ_CPS",2017,2,20.9194791666667,3.01,53.54,7.09020120176659,0.192290984356895
"191","LZ_HOUSTON",2017,2,23.5172172619048,4.52,60.22,8.84938736723507,0.188121472346464
"192","LZ_LCRA",2017,2,20.660818452381,3.1,53.1,6.89761444429398,0.190774865795927
"193","LZ_NORTH",2017,2,19.5500148809524,4.39,51.83,6.02365324038776,0.180938792813418
"194","LZ_RAYBN",2017,2,20.3691517857143,5.62,51.8,5.3583492821099,0.166424212947618
"195","LZ_SOUTH",2017,2,21.7936904761905,3.22,54.63,7.83115778552108,0.193583394240825
"196","LZ_WEST",2017,2,18.4770535714286,-3.67,72.56,9.10421000910146,0.413054139134101
"197","HB_BUSAVG",2017,3,22.5698923283984,4.92,78.44,7.98859598155929,0.148056880546675
"198","HB_HOUSTON",2017,3,28.2132974427995,6.85,144.16,14.1239505261565,0.157558486467104
"199","HB_HUBAVG",2017,3,23.2332301480485,4.36,87.72,8.87079453890928,0.152552552679248
"200","HB_NORTH",2017,3,21.2277792732167,5.46,63.71,6.777892002263,0.148499062443973
"201","HB_SOUTH",2017,3,23.6807537012113,5.02,78.22,8.66664899612327,0.149140496677963
"202","HB_WEST",2017,3,19.8135935397039,-0.05,64.77,8.28585540981155,0.289800514760653
"203","LZ_AEN",2017,3,22.9970121130552,4.9,67.99,7.93214553821825,0.146817318986331
"204","LZ_CPS",2017,3,23.8615477792732,5.34,81.08,8.77160423540678,0.149128257258751
"205","LZ_HOUSTON",2017,3,28.7420053835801,6.81,152.46,15.0871726237538,0.159231102695593
"206","LZ_LCRA",2017,3,23.437133243607,5.15,69.81,8.22848179557564,0.149568599239219
"207","LZ_NORTH",2017,3,21.8394078061911,5.34,64.71,7.06779014970849,0.152504637639832
"208","LZ_RAYBN",2017,3,21.9071601615074,6.77,64.19,6.54995060864289,0.141610217664619
"209","LZ_SOUTH",2017,3,26.5282099596232,4.69,94.55,10.8971968451773,0.156941156730062
"210","LZ_WEST",2017,3,20.251197846568,0.09,65.3,8.4654751224255,0.265110674438437
"211","HB_BUSAVG",2017,4,23.7050833333333,8.37,81.08,7.76848214742277,0.139806295512605
"212","HB_HOUSTON",2017,4,32.2957361111111,10.77,142.25,15.7042059694827,0.163746470863505
"213","HB_HUBAVG",2017,4,24.8304861111111,8.6,91.68,8.9386206421633,0.145278890251388
"214","HB_NORTH",2017,4,21.4105555555556,7.16,61.79,6.24491784224871,0.14143133865139
"215","HB_SOUTH",2017,4,25.6094027777778,8.88,94.72,9.02966094016214,0.141540644149566
"216","HB_WEST",2017,4,19.9960972222222,-0.95,67.92,8.1154853208737,0.294806850304164
"217","LZ_AEN",2017,4,24.1180833333333,8.94,85.65,8.00866968988415,0.139564600000141
"218","LZ_CPS",2017,4,25.3379027777778,9.76,94.38,8.85649981983204,0.141148397070653
"219","LZ_HOUSTON",2017,4,32.9670694444444,10.74,147.81,16.9912658622063,0.166610211261747
"220","LZ_LCRA",2017,4,24.4774166666667,8.91,88.04,8.46854108049249,0.140792246370729
"221","LZ_NORTH",2017,4,21.9758055555556,7.13,62.41,6.61766449404479,0.143478944119554
"222","LZ_RAYBN",2017,4,22.2134305555556,8.2,61.88,5.86258102085139,0.135459951474407
"223","LZ_SOUTH",2017,4,28.5498888888889,10.5,119.88,12.7356717598797,0.148160369363714
"224","LZ_WEST",2017,4,20.3885694444444,0.1,69.22,8.18040263320493,0.247701519989379
"225","HB_BUSAVG",2017,5,25.0873521505376,4.66,65.3,7.95269148542581,0.145426511676263
"226","HB_HOUSTON",2017,5,31.5331720430108,5,105.17,14.6421101227892,0.182429088483026
"227","HB_HUBAVG",2017,5,25.9050268817204,4.18,65.97,8.7939124453329,0.154247281742055
"228","HB_NORTH",2017,5,23.4199193548387,5.2,62.98,6.72261673512459,0.137676324492965
"229","HB_SOUTH",2017,5,26.4950134408602,4.73,68.65,9.19225198931587,0.153765675757693
"230","HB_WEST",2017,5,22.1666129032258,1.2,53.75,6.96057076995085,0.191816425055737
"231","LZ_AEN",2017,5,25.2938440860215,4.9,66.94,8.17394024114644,0.148716932603769
"232","LZ_CPS",2017,5,26.5370295698925,4.61,69.09,9.17443581869307,0.152299656092645
"233","LZ_HOUSTON",2017,5,32.3626478494624,4.99,109.86,15.906692890509,0.187389531832201
"234","LZ_LCRA",2017,5,25.6379569892473,4.45,67.39,8.6548217366332,0.152725005280365
"235","LZ_NORTH",2017,5,24.5575134408602,5.22,72.98,8.00194790382562,0.14266948146704
"236","LZ_RAYBN",2017,5,24.0013306451613,6.21,62.63,6.85009598842878,0.133829060754203
"237","LZ_SOUTH",2017,5,29.9797311827957,5.34,94.72,12.9862610155184,0.166723170494274
"238","LZ_WEST",2017,5,22.8677956989247,1.38,57.71,7.55318518507493,0.188592349215611
"239","HB_BUSAVG",2017,6,27.6691527777778,15.22,82.18,11.1148011670736,0.131541854846926
"240","HB_HOUSTON",2017,6,33.1683472222222,15.44,133.78,18.6020492363142,0.167667627821335
"241","HB_HUBAVG",2017,6,28.5138472222222,14.64,88.26,12.2151490251575,0.137431190806348
"242","HB_NORTH",2017,6,25.8905694444444,15.33,70.82,9.04812314784938,0.12416063636482
"243","HB_SOUTH",2017,6,29.6546944444444,15.39,98.22,13.3883157668175,0.141230844003665
"244","HB_WEST",2017,6,25.3316944444444,11.13,73.8,8.68839524121474,0.128164178651228
"245","LZ_AEN",2017,6,27.9166388888889,15.47,84.47,11.3359818320917,0.132940559793599
"246","LZ_CPS",2017,6,30.416,15.28,99.32,13.0785282142276,0.150093925942317
"247","LZ_HOUSTON",2017,6,33.6689166666667,15.43,139.24,19.3924588943231,0.170837923032155
"248","LZ_LCRA",2017,6,28.6390833333333,14.97,91.27,12.4857001819433,0.139374247705624
"249","LZ_NORTH",2017,6,26.8937361111111,15.46,80.74,10.2694836736475,0.127480641168335
"250","LZ_RAYBN",2017,6,26.1250416666667,15.69,74.59,9.20568054949477,0.12367987409706
"251","LZ_SOUTH",2017,6,36.7834444444444,15.65,150,22.4358386203976,0.175829564710685
"252","LZ_WEST",2017,6,27.5123194444444,11.19,79.92,10.6235858537946,0.13096995963824
"253","HB_BUSAVG",2017,7,31.4542741935484,16.64,257.04,17.8388486495459,0.154714867986754
"254","HB_HOUSTON",2017,7,34.3758333333333,16.72,306.24,22.7931643693782,0.173278698813314
"255","HB_HUBAVG",2017,7,31.8644086021505,16.7,263.26,18.5011717551067,0.157506427159581
"256","HB_NORTH",2017,7,30.654314516129,16.47,244.42,16.6510102616241,0.150379750677266
"257","HB_SOUTH",2017,7,32.1294623655914,17.07,268.53,18.9013604367326,0.158905124430894
"258","HB_WEST",2017,7,30.2936424731183,16.53,233.81,16.1166703872939,0.150866424656993
"259","LZ_AEN",2017,7,31.401438172043,16.95,257.95,17.9399577685987,0.155665854962509
"260","LZ_CPS",2017,7,32.1152956989247,17.13,264.71,18.5507674793055,0.157128639350825
"261","LZ_HOUSTON",2017,7,34.7258333333333,16.72,311.81,23.4430614150657,0.175539077879808
"262","LZ_LCRA",2017,7,31.9057123655914,16.84,265.38,18.7055594337999,0.158738323571984
"263","LZ_NORTH",2017,7,31.1868413978495,16.47,254.01,17.4439006249704,0.152066461065581
"264","LZ_RAYBN",2017,7,30.760497311828,16.47,248.41,16.8311980284832,0.150778491379305
"265","LZ_SOUTH",2017,7,34.1932930107527,17.34,276.3,20.8401977317107,0.164968828638265
"266","LZ_WEST",2017,7,31.1301747311828,16.63,240.72,16.8848636604149,0.1475692814091
"267","HB_BUSAVG",2017,8,27.5070161290323,16.62,88.75,10.8985819132488,0.123954998328841
"268","HB_HOUSTON",2017,8,29.4017204301075,16.61,97.06,13.2258645514401,0.134529778565017
"269","HB_HUBAVG",2017,8,27.8386155913979,16.62,90.23,11.2547650129496,0.125457972780698
"270","HB_NORTH",2017,8,26.8327284946237,16.61,85.93,10.2558558764881,0.122184144326621
"271","HB_SOUTH",2017,8,28.3150268817204,16.63,91.52,11.5811706021499,0.12685013201144
"272","HB_WEST",2017,8,26.8170430107527,16.63,86.37,10.2362442572184,0.123285423039588
"273","LZ_AEN",2017,8,27.4656182795699,16.63,88.71,10.9536415594377,0.124662370932524
"274","LZ_CPS",2017,8,28.1375672043011,16.64,90.66,11.2967241584228,0.126617755757178
"275","LZ_HOUSTON",2017,8,30.0314784946237,16.61,101.75,14.4315939382474,0.139211991040371
"276","LZ_LCRA",2017,8,27.6780107526882,16.63,90.36,11.2662438705225,0.12723301119634
"277","LZ_NORTH",2017,8,27.0603629032258,16.62,86.53,10.5294176767311,0.122720824546258
"278","LZ_RAYBN",2017,8,26.8248252688172,16.6,85.93,10.2546762190254,0.122338523694259
"279","LZ_SOUTH",2017,8,33.4578494623656,16.66,139.11,19.4995324566629,0.16023104107166
"280","LZ_WEST",2017,8,27.2139112903226,16.64,86.65,10.5713518070519,0.128888323201051
"281","HB_BUSAVG",2017,9,24.1841666666667,8.38,59.02,7.92365977839327,0.118301994350781
"282","HB_HOUSTON",2017,9,26.5429444444444,8.32,73.92,10.919633588906,0.139634334667102
"283","HB_HUBAVG",2017,9,24.5196944444444,8.4,61.96,8.26848361703299,0.120517137860408
"284","HB_NORTH",2017,9,23.3461111111111,8.29,54.32,7.26125091342344,0.116002067708125
"285","HB_SOUTH",2017,9,25.5150972222222,8.68,68.76,8.80110904577357,0.122363988168002
"286","HB_WEST",2017,9,22.6788194444444,8.32,54.25,6.8312186814573,0.114589152202829
"287","LZ_AEN",2017,9,24.6288055555556,8.82,60.58,8.02750968757521,0.118283382599569
"288","LZ_CPS",2017,9,25.1366527777778,8.6,63.5,8.52402753320978,0.120544464748299
"289","LZ_HOUSTON",2017,9,27.4100277777778,8.33,84.99,12.571637692403,0.148481510482032
"290","LZ_LCRA",2017,9,24.8134305555556,8.63,61.55,8.36801241320809,0.120584999353479
"291","LZ_NORTH",2017,9,23.9684027777778,8.29,56.01,8.10381654820752,0.120186077690434
"292","LZ_RAYBN",2017,9,23.5356805555556,8.29,54.32,7.54948858131456,0.117570746254065
"293","LZ_SOUTH",2017,9,28.3303472222222,8.84,84.54,10.4996581581015,0.131231323723061
"294","LZ_WEST",2017,9,27.0117777777778,8.08,83.61,10.9998132443651,0.124082115640155
"295","HB_BUSAVG",2017,10,23.5632795698925,3.07,97.54,10.3006301599918,0.163355256686808
"296","HB_HOUSTON",2017,10,30.1412365591398,4.4,249.2,23.3257156268613,0.202641389534426
"297","HB_HUBAVG",2017,10,24.7014516129032,3.48,109.91,12.0530856769883,0.16767910945465
"298","HB_NORTH",2017,10,21.4059005376344,1.88,75,7.79116843057876,0.167152544855735
"299","HB_SOUTH",2017,10,25.5636559139785,4.63,113.12,11.443610361693,0.15810755312478
"300","HB_WEST",2017,10,21.6938306451613,1.84,70.17,8.0160507709972,0.172533652564697
"301","LZ_AEN",2017,10,24.0199059139785,5.24,102.26,10.0150218594087,0.150058034213804
"302","LZ_CPS",2017,10,25.2759543010753,4.53,107.6,11.0672098780642,0.158387589907412
"303","LZ_HOUSTON",2017,10,31.3393817204301,4.41,274.2,26.117447047199,0.208873530440816
"304","LZ_LCRA",2017,10,24.4842607526882,4.56,115,11.1206295508038,0.156852406476415
"305","LZ_NORTH",2017,10,21.9384274193548,1.89,85.01,8.63646428172293,0.168803953286081
"306","LZ_RAYBN",2017,10,21.3799327956989,2.04,75.15,7.82963496659633,0.163577695099132
"307","LZ_SOUTH",2017,10,28.4640188172043,4.52,129.79,13.2279291730381,0.166341151052646
"308","LZ_WEST",2017,10,22.1733198924731,1.83,72.46,8.3538567990116,0.173781208890776
"309","HB_BUSAVG",2017,11,22.6774583333333,4.28,83.65,8.31051267552798,0.169308195505793
"310","HB_HOUSTON",2017,11,26.0910555555556,4.69,131,12.6867341049633,0.173204198364123
"311","HB_HUBAVG",2017,11,23.1671388888889,3.68,91.6,8.90253711287135,0.169077788913238
"312","HB_NORTH",2017,11,21.5962083333333,3.19,69.49,7.56865960878438,0.178526292716718
"313","HB_SOUTH",2017,11,23.9771805555556,5.09,92.56,8.78721189423411,0.161240024774799
"314","HB_WEST",2017,11,21.0017916666667,-0.09,73.34,8.32403636148698,0.24986007025125
"315","LZ_AEN",2017,11,23.0194444444444,3.63,86.69,8.47182094816196,0.168998963200195
"316","LZ_CPS",2017,11,23.5725694444444,4.01,90.5,8.7366533334819,0.166405115382928
"317","LZ_HOUSTON",2017,11,26.339625,4.82,131.01,12.833731620771,0.172578718583486
"318","LZ_LCRA",2017,11,23.047125,3.11,88.12,8.54241468247948,0.169112023284729
"319","LZ_NORTH",2017,11,22.2631666666667,3.21,70.4,7.87865611797551,0.176063798732509
"320","LZ_RAYBN",2017,11,21.8291805555556,3.86,70.1,7.44518804717233,0.174254835678146
"321","LZ_SOUTH",2017,11,27.8657222222222,8.04,109.23,11.2064793760655,0.155865518255935
"322","LZ_WEST",2017,11,22.1529166666667,0.27,75.19,8.749763793752,0.218585942290956
"323","HB_BUSAVG",2017,12,21.1879569892473,5.82,55.67,5.19330756504688,0.156466444323503
"324","HB_HOUSTON",2017,12,21.5490053763441,6.25,53.34,5.16286630772201,0.157167987223058
"325","HB_HUBAVG",2017,12,21.2098521505376,4.55,56.06,5.33660525972878,0.159092068641593
"326","HB_NORTH",2017,12,20.952997311828,6.18,53.18,4.98772161537807,0.155510284624839
"327","HB_SOUTH",2017,12,21.9979166666667,5.73,64.46,5.58550540418978,0.157015884695459
"328","HB_WEST",2017,12,20.3380376344086,-2.28,53.28,6.11731401298319,0.260935161924332
"329","LZ_AEN",2017,12,21.0629301075269,5.06,55.3,5.32313612573861,0.160796898840591
"330","LZ_CPS",2017,12,22.048373655914,5.38,102.48,6.83774729459706,0.165967650934595
"331","LZ_HOUSTON",2017,12,21.9797849462366,6.29,68.39,5.79105054725856,0.160112144860296
"332","LZ_LCRA",2017,12,21.1176612903226,4.65,58.16,5.44868153395595,0.164167368449651
"333","LZ_NORTH",2017,12,21.4081317204301,6.28,58.74,5.24357435434497,0.158956990518961
"334","LZ_RAYBN",2017,12,21.3126075268817,7.81,59.25,4.85513189403503,0.153397491121528
"335","LZ_SOUTH",2017,12,25.4042204301075,7.07,99.02,7.91411820453692,0.160378558368317
"336","LZ_WEST",2017,12,21.8722580645161,-1.49,64.7,7.48939801630528,0.282039943466138
"337","HB_BUSAVG",2018,1,37.8696774193548,5.83,1660.04,87.5636130811834,0.218448791010971
"338","HB_HOUSTON",2018,1,37.9447849462366,6.19,1637.34,86.0152789047858,0.216488196641618
"339","HB_HUBAVG",2018,1,37.7730376344086,5.24,1658.38,87.5051967027087,0.220052673139699
"340","HB_NORTH",2018,1,37.5859005376344,6.24,1659.26,87.4520619814867,0.219053114248128
"341","HB_SOUTH",2018,1,39.4981451612903,6.01,1675.95,88.6716612710685,0.216048239688468
"342","HB_WEST",2018,1,36.0516397849462,0.21,1661.14,87.9933644445486,0.281889869930808
"343","LZ_AEN",2018,1,38.8379838709677,6.03,1661.37,87.5437685615871,0.216181626447027
"344","LZ_CPS",2018,1,41.312876344086,6.06,1708.38,91.992572595354,0.221329120241411
"345","LZ_HOUSTON",2018,1,38.0449865591398,6.18,1638.04,86.0643984761433,0.216277816595101
"346","LZ_LCRA",2018,1,38.9925672043011,5.87,1669.26,88.4931995546822,0.222927572240604
"347","LZ_NORTH",2018,1,37.7285215053763,6.32,1664.01,87.7697924116917,0.219399992328594
"348","LZ_RAYBN",2018,1,39.3701478494624,7.82,1709.15,90.3740915606654,0.216274734031626
"349","LZ_SOUTH",2018,1,46.1325672043011,6.56,1709.82,93.3158164312298,0.205380883973985
"350","LZ_WEST",2018,1,37.2933064516129,0.65,1670.78,88.7946799349252,0.266389049021396
"351","HB_BUSAVG",2018,2,21.8543154761905,5.09,73.49,7.54131769361722,0.197811953260975
"352","HB_HOUSTON",2018,2,22.1641071428571,5.1,72.11,7.34741191133059,0.197397826797394
"353","HB_HUBAVG",2018,2,21.8300595238095,4.2,73.4,7.60757673911076,0.200399950539478
"354","HB_NORTH",2018,2,21.7670238095238,6.39,73.33,7.45291715635708,0.195955684753758
"355","HB_SOUTH",2018,2,22.3063988095238,4.08,74.89,7.79764172813144,0.201720408213326
"356","HB_WEST",2018,2,21.0876041666667,1.05,73.33,8.1235622084684,0.235394834195414
"357","LZ_AEN",2018,2,21.9138839285714,4.55,74.11,7.66564087466236,0.202170090081479
"358","LZ_CPS",2018,2,22.5173958333333,4.64,74.85,7.72525418511278,0.199771121721245
"359","LZ_HOUSTON",2018,2,22.3758482142857,5.1,72.15,7.39490253364727,0.196567320777229
"360","LZ_LCRA",2018,2,21.7622470238095,4.3,75.49,7.7601058678647,0.204923951938114
"361","LZ_NORTH",2018,2,21.8404613095238,5.84,74.29,7.57975137682084,0.197406439055854
"362","LZ_RAYBN",2018,2,22.4031696428571,7.42,94.77,7.72401806478132,0.200568417707544
"363","LZ_SOUTH",2018,2,25.1970386904762,4.14,79.89,9.15876691136978,0.203499431316215
"364","LZ_WEST",2018,2,22.1241071428571,2.33,74.96,8.27193236634894,0.215514267498855
"365","HB_BUSAVG",2018,3,22.5619784656797,7.34,69.97,8.35799112360005,0.182137441288653
"366","HB_HOUSTON",2018,3,23.7825437415882,8.01,71.01,8.96803408972139,0.188696799838723
"367","HB_HUBAVG",2018,3,22.4034320323015,6.13,69.98,8.60446462719463,0.187374329829175
"368","HB_NORTH",2018,3,22.6080080753701,8.57,69.87,8.21725986194599,0.18117568443501
"369","HB_SOUTH",2018,3,22.8884522207268,7.37,70.15,7.99013498228365,0.17601672377478
"370","HB_WEST",2018,3,20.3336204576043,-0.62,69.7,9.99936198510298,NA
"371","LZ_AEN",2018,3,22.2028263795424,5.26,70.37,8.59380569442206,0.190748049630956
"372","LZ_CPS",2018,3,25.2892732166891,8.33,236.9,12.2569994639477,0.215997759738495
"373","LZ_HOUSTON",2018,3,23.9334589502019,8.01,71.42,9.10908694511788,0.188660219305389
"374","LZ_LCRA",2018,3,22.0513055181696,4.24,70.23,8.31038390438966,0.192301579406783
"375","LZ_NORTH",2018,3,22.6405518169583,7.89,70.07,8.38870104489927,0.182537885861442
"376","LZ_RAYBN",2018,3,23.8057065948856,11.42,69.95,7.76458453822635,0.174781161784941
"377","LZ_SOUTH",2018,3,26.7599730820996,8.31,76.2,10.3170342616543,0.175307698023671
"378","LZ_WEST",2018,3,22.3016285329744,0.4,79.53,10.9068221639611,0.304892346427224
"379","HB_BUSAVG",2018,4,23.1429583333333,6.22,53.44,7.36676876633684,0.156958304110517
"380","HB_HOUSTON",2018,4,24.6526944444444,8.4,58.92,7.83076413893887,0.159755284199486
"381","HB_HUBAVG",2018,4,22.4503055555556,4.42,53.51,7.83802657218534,0.165809801930206
"382","HB_NORTH",2018,4,23.5229166666667,8.06,52.98,7.02693263820054,0.153117682285652
"383","HB_SOUTH",2018,4,24.4718888888889,7.06,54.92,7.69861335626968,0.157307988624407
"384","HB_WEST",2018,4,17.156625,-5.98,52.8,11.1630720381034,NA
"385","LZ_AEN",2018,4,22.1884861111111,4.79,51.24,7.52844592084695,0.165367292085503
"386","LZ_CPS",2018,4,26.535375,9.16,60.9,8.45587669985867,0.164375720174831
"387","LZ_HOUSTON",2018,4,24.7283472222222,8.41,59.21,7.91643943063819,0.159925429767406
"388","LZ_LCRA",2018,4,22.6440277777778,5.1,51.83,7.62658179123653,0.164315911127557
"389","LZ_NORTH",2018,4,24.3668888888889,8.91,58.24,7.77920251043424,0.155992751953718
"390","LZ_RAYBN",2018,4,27.198875,12.36,62.64,7.92763148825426,0.144257981390655
"391","LZ_SOUTH",2018,4,28.1869722222222,8.32,63.43,9.60514755359585,0.162776136929084
"392","LZ_WEST",2018,4,21.128125,-3.54,60.13,12.4328603677733,0.34882937209841
"393","HB_BUSAVG",2018,5,34.0052419354839,8.49,541.31,38.3144703706039,0.225796902090879
"394","HB_HOUSTON",2018,5,34.1475537634409,8.43,530.4,37.1099549345738,0.224040975798053
"395","HB_HUBAVG",2018,5,32.8348521505376,7.13,536.14,37.7576521347544,0.228876243248343
"396","HB_NORTH",2018,5,35.3061424731183,9.32,550.83,39.463383345483,0.226592086291051
"397","HB_SOUTH",2018,5,34.2260752688172,9.67,531.39,37.1687777290725,0.220323644752338
"398","HB_WEST",2018,5,27.6920161290323,-4.56,531.53,38.0127294535107,0.430535741915852
"399","LZ_AEN",2018,5,33.1661693548387,6.86,529.23,36.9119666003825,0.224324629203042
"400","LZ_CPS",2018,5,36.0555913978495,9.53,531.71,37.3016459705569,0.217794977845301
"401","LZ_HOUSTON",2018,5,35.5330376344086,8.42,550.1,39.4810660335809,0.226575450829786
"402","LZ_LCRA",2018,5,34.7354032258065,7.35,537.05,39.2142652937548,0.224146170705965
"403","LZ_NORTH",2018,5,37.4518817204301,9.54,557.83,40.896630611551,0.228615739025038
"404","LZ_RAYBN",2018,5,40.95125,11.51,572.62,43.408986053254,0.227060711924273
"405","LZ_SOUTH",2018,5,41.2744220430108,11.8,556.94,41.3893379120934,0.214199562267533
"406","LZ_WEST",2018,5,49.6001209677419,1.15,560.42,42.8080971839155,0.292333946914384
"407","HB_BUSAVG",2018,6,29.966125,15.16,114.07,14.6580582388476,0.145531670086401
"408","HB_HOUSTON",2018,6,30.6284861111111,15.81,116.02,14.9383454486267,0.145462955802178
"409","HB_HUBAVG",2018,6,29.7818611111111,14.66,113.13,14.4187064067904,0.145099970476167
"410","HB_NORTH",2018,6,30.2118888888889,15.35,115.08,15.0848111872536,0.147270977186138
"411","HB_SOUTH",2018,6,30.0686388888889,16.07,114.49,13.9785372968641,0.141651787236432
"412","HB_WEST",2018,6,28.2770277777778,7.12,107,13.8395464403201,0.159541303272248
"413","LZ_AEN",2018,6,30.286125,15.91,114.74,14.4094282846066,0.143070186258896
"414","LZ_CPS",2018,6,30.7272777777778,16.27,114.42,14.1863710607281,0.139951557692309
"415","LZ_HOUSTON",2018,6,31.8023472222222,15.81,119.76,16.7939349329737,0.152783217395936
"416","LZ_LCRA",2018,6,30.3655555555556,16.02,114.7,14.4389452387451,0.143098337015496
"417","LZ_NORTH",2018,6,31.3016111111111,15.26,122.97,16.4410074651422,0.150908082418501
"418","LZ_RAYBN",2018,6,31.9455833333333,15.64,125.33,17.4588374772498,0.157165374818559
"419","LZ_SOUTH",2018,6,32.2586805555556,16.3,124.6,15.8246308447333,0.141899550264242
"420","LZ_WEST",2018,6,57.9675277777778,22.77,137,20.7563470460825,0.185686559344978
"421","HB_BUSAVG",2018,7,78.8594489247312,9.9,2061.99,233.361695916363,0.377951161946133
"422","HB_HOUSTON",2018,7,79.0340456989247,9.95,2057.51,233.000158883495,0.377298500087281
"423","HB_HUBAVG",2018,7,78.8323252688172,9.95,2061.56,233.325512723292,0.378033038339297
"424","HB_NORTH",2018,7,78.9684543010753,9.79,2063.87,233.552455247747,0.377617421301299
"425","HB_SOUTH",2018,7,78.8473790322581,10.07,2058.15,232.884271982883,0.377871199281694
"426","HB_WEST",2018,7,78.5175537634409,9.71,2066.82,233.869855523698,0.379773024737949
"427","LZ_AEN",2018,7,78.9513709677419,10.02,2060.9,233.09134385259,0.377436617179326
"428","LZ_CPS",2018,7,79.124435483871,10.09,2059.23,232.957668541703,0.376750099620179
"429","LZ_HOUSTON",2018,7,79.5665322580645,9.95,2060.38,233.56038682652,0.375749863021929
"430","LZ_LCRA",2018,7,79.0699462365591,10.06,2062.63,233.301980421017,0.377100805773316
"431","LZ_NORTH",2018,7,79.8461827956989,9.8,2079.81,235.368416495629,0.376294367045525
"432","LZ_RAYBN",2018,7,84.9019086021505,9.8,2234.47,250.624760319986,0.373196816149013
"433","LZ_SOUTH",2018,7,80.4475672043011,10.11,2068.16,234.40094203188,0.374322422949745
"434","LZ_WEST",2018,7,101.470967741935,13.15,2151.82,238.705163482247,0.357345487873664
"435","HB_BUSAVG",2018,8,31.6615591397849,12.71,149.91,18.5723291326017,0.162756278036811
"436","HB_HOUSTON",2018,8,31.944247311828,13.44,150.2,18.6641251009878,0.161934581360283
"437","HB_HUBAVG",2018,8,31.6945833333333,12.87,149.94,18.5601453166024,0.162530840491433
"438","HB_NORTH",2018,8,31.6030510752688,12,150,18.6405952376259,0.163557992803
"439","HB_SOUTH",2018,8,31.6675268817204,14.7,149.28,18.3176859814945,0.161237380746946
"440","HB_WEST",2018,8,31.5601209677419,10.83,150.33,18.6302386686833,0.164110515975217
"441","LZ_AEN",2018,8,31.7321370967742,13.9,149.54,18.4594708829539,0.161687296022448
"442","LZ_CPS",2018,8,31.865685483871,15.14,149.75,18.4071070908524,0.160582014606215
"443","LZ_HOUSTON",2018,8,32.159623655914,13.48,151.05,18.890233331962,0.162391274314633
"444","LZ_LCRA",2018,8,31.8079704301075,14.28,149.58,18.4995652648113,0.161580309113109
"445","LZ_NORTH",2018,8,31.9715860215054,11.92,151.52,19.077278619523,0.164762328702969
"446","LZ_RAYBN",2018,8,32.5187231182796,12.2,158.9,20.6341027642807,0.17453625969772
"447","LZ_SOUTH",2018,8,33.6906317204301,15.79,151.59,21.4186725809986,0.171688931874351
"448","LZ_WEST",2018,8,33.2898521505376,11.08,153.14,19.2954311945818,0.169684080145539
"449","HB_BUSAVG",2018,9,27.1754444444444,14.59,88.96,10.5109675059282,0.121353308329247
"450","HB_HOUSTON",2018,9,27.5813611111111,15.06,91.04,10.7512952459729,0.12132940227437
"451","HB_HUBAVG",2018,9,27.0530277777778,14.75,88.41,10.3011257739449,0.120342779392432
"452","HB_NORTH",2018,9,27.2996388888889,14.02,89.78,10.9286776737607,0.123160363813554
"453","HB_SOUTH",2018,9,27.1898055555556,15.64,87.78,10.2184788416361,0.11960798027835
"454","HB_WEST",2018,9,26.1395972222222,7.07,85.07,10.0695320880247,0.124771067949804
"455","LZ_AEN",2018,9,27.1673055555556,15.15,88.03,10.2907477904821,0.119728059872485
"456","LZ_CPS",2018,9,27.5129861111111,15.22,89.04,10.3984704716615,0.119718512770261
"457","LZ_HOUSTON",2018,9,27.7224166666667,15.14,92.18,10.8869696134597,0.121631704455141
"458","LZ_LCRA",2018,9,27.1872638888889,15.12,89.58,10.3239724614639,0.119916994264197
"459","LZ_NORTH",2018,9,27.8858472222222,13.94,91.58,12.0139807919347,0.126037829116941
"460","LZ_RAYBN",2018,9,27.6808888888889,13.93,90.56,11.8238067542937,0.126888632957341
"461","LZ_SOUTH",2018,9,28.3837638888889,16,91.31,11.3432947175186,0.125020883726362
"462","LZ_WEST",2018,9,27.1010972222222,13.2,87.2,10.4365576999674,0.122056542312551
"463","HB_BUSAVG",2018,10,29.9578225806452,10.32,95.21,10.1698297814047,0.136454569518553
"464","HB_HOUSTON",2018,10,30.981935483871,12.6,98.4,10.8374285272529,0.136797545544316
"465","HB_HUBAVG",2018,10,29.8891129032258,9.98,95.61,10.165972310649,0.1364876034655
"466","HB_NORTH",2018,10,30.0341666666667,9.57,95,10.3349670465728,0.138329958121499
"467","HB_SOUTH",2018,10,29.7725134408602,14.49,93.43,9.64719083372576,0.133292039684602
"468","HB_WEST",2018,10,28.7613306451613,2.39,95.58,10.3150922098803,0.152374444967533
"469","LZ_AEN",2018,10,30.31,12.77,96.35,10.204651355469,0.135509955859577
"470","LZ_CPS",2018,10,31.6359677419355,16.83,97.46,11.2474646105622,0.137375564985171
"471","LZ_HOUSTON",2018,10,31.7811155913978,12.74,101.62,11.514126975977,0.137882956716783
"472","LZ_LCRA",2018,10,30.0698790322581,10.92,95.98,10.1467331255573,0.135459186138909
"473","LZ_NORTH",2018,10,31.6454166666667,9.59,95.95,11.4153931440705,0.141994075040772
"474","LZ_RAYBN",2018,10,30.6249596774194,13.12,94.29,10.7022671903283,0.140829568598466
"475","LZ_SOUTH",2018,10,32.1269758064516,16.13,100.1,12.0272939765268,0.137072837675732
"476","LZ_WEST",2018,10,30.0045564516129,3.1,97.94,10.9014381639566,0.147946090994543
"477","HB_BUSAVG",2018,11,30.6445,9.3,108.07,11.5984200533074,0.170153564415987
"478","HB_HOUSTON",2018,11,31.3192361111111,10.01,104.77,11.6982942588764,0.16736233052617
"479","HB_HUBAVG",2018,11,30.2772083333333,8.42,105.98,11.8201058694918,0.172770141003407
"480","HB_NORTH",2018,11,31.2348888888889,9.38,114.35,11.5962950530948,0.170650163201414
"481","HB_SOUTH",2018,11,29.8371805555556,9.46,104.24,11.0022051511097,0.167163785181569
"482","HB_WEST",2018,11,28.71525,1.04,115.67,13.6582349975231,0.23657391129511
"483","LZ_AEN",2018,11,30.4680833333333,8.65,106.64,11.7626734632388,0.173173092397028
"484","LZ_CPS",2018,11,32.0412083333333,10.5,109.16,12.324589758863,0.176818947857756
"485","LZ_HOUSTON",2018,11,31.7303333333333,10.05,105.13,12.0150583034857,0.166867664486441
"486","LZ_LCRA",2018,11,30.5158055555556,8.38,106.34,11.7969138566288,0.173740852358494
"487","LZ_NORTH",2018,11,31.974125,9.21,124.07,12.3070117201893,0.174059621593454
"488","LZ_RAYBN",2018,11,33.4524444444444,12.67,124.27,11.7353022150082,0.170262537725412
"489","LZ_SOUTH",2018,11,33.5444861111111,10.49,120.91,13.6817697763847,0.174208473694498
"490","LZ_WEST",2018,11,31.2240277777778,1.91,147.71,15.9253742003334,0.222762988619804
"491","HB_BUSAVG",2018,12,30.268185483871,6.64,117.74,10.1230665568628,0.176006796287879
"492","HB_HOUSTON",2018,12,30.3335483870968,6.85,116.17,9.87905452019568,0.176155621952939
"493","HB_HUBAVG",2018,12,30.1919892473118,6.45,117.99,10.3186578686302,0.17774045609894
"494","HB_NORTH",2018,12,30.3982661290323,6.96,117.3,9.91945214748273,0.174511746027965
"495","HB_SOUTH",2018,12,30.0893010752688,6.18,118.6,10.2940041896471,0.177834811732774
"496","HB_WEST",2018,12,29.9440053763441,0,119.86,11.7286046704392,NA
"497","LZ_AEN",2018,12,30.0947580645161,6.57,117.25,10.1774236968027,0.177922691049856
"498","LZ_CPS",2018,12,30.3092204301075,6.4,119.92,10.4548181753297,0.178434199302074
"499","LZ_HOUSTON",2018,12,30.4620698924731,6.88,116.52,9.91159824792235,0.175311449875056
"500","LZ_LCRA",2018,12,30.5826612903226,6.56,122.66,10.6288200815789,0.17936852779739
"501","LZ_NORTH",2018,12,31.1319489247312,6.87,121.19,10.7532668718537,0.176307183049557
"502","LZ_RAYBN",2018,12,31.5535349462366,7.83,116.72,10.0343784299389,0.170516647943628
"503","LZ_SOUTH",2018,12,32.1127284946237,7.62,125.61,11.1336979765991,0.175408190018296
"504","LZ_WEST",2018,12,34.9808467741936,3.05,131.59,15.2548860458735,0.202710540251789
"505","HB_BUSAVG",2019,1,24.5925672043011,5.72,75.28,8.13035514766979,0.169380559956706
"506","HB_HOUSTON",2019,1,25.4260349462366,8.64,74.76,7.83086360298971,0.167225682654277
"507","HB_HUBAVG",2019,1,24.6834005376344,5.59,75.44,8.21035899011042,0.170184610764923
"508","HB_NORTH",2019,1,24.3326344086021,5.41,75.1,8.21323557082118,0.170460490454887
"509","HB_SOUTH",2019,1,25.086061827957,7,74.19,7.68010223486832,0.166675336293535
"510","HB_WEST",2019,1,23.8815456989247,0.63,75.83,9.6846452488892,0.215191354151965
"511","LZ_AEN",2019,1,25.1079569892473,6.75,76.2,7.95723631783031,0.167960477683036
"512","LZ_CPS",2019,1,26.7983333333333,10.55,82.89,8.14995123661879,0.166827930896293
"513","LZ_HOUSTON",2019,1,25.5500806451613,8.85,75.06,7.84731298751613,0.166921587258015
"514","LZ_LCRA",2019,1,24.9363037634409,6.28,76.43,8.09745274532587,0.169775394805581
"515","LZ_NORTH",2019,1,24.3678360215054,5.13,75.38,8.35348452176956,0.171658848374591
"516","LZ_RAYBN",2019,1,24.4114919354839,6.49,74.86,8.06081409545563,0.168586906026039
"517","LZ_SOUTH",2019,1,27.0579032258065,7.6,123.19,9.20796138122653,0.174575518600372
"518","LZ_WEST",2019,1,27.4615322580645,0.44,99.02,13.4782335794261,0.220688298897106
"519","HB_BUSAVG",2019,2,21.186369047619,5.06,56.68,7.01301015161826,0.188565516442882
"520","HB_HOUSTON",2019,2,21.5078125,5.47,57.38,6.69686868620409,0.185583460916859
"521","HB_HUBAVG",2019,2,21.2506398809524,4.85,56.86,7.07301216457706,0.190034775344817
"522","HB_NORTH",2019,2,20.8649553571429,4.48,56.39,7.01878091565539,0.189653272295897
"523","HB_SOUTH",2019,2,22.1256398809524,5.75,58.75,6.98671715324945,0.18373374238311
"524","HB_WEST",2019,2,20.4911607142857,3.1,57.22,7.91089937390735,0.218075408963165
"525","LZ_AEN",2019,2,21.5138095238095,5.46,57.06,6.76826576986114,0.184637548219119
"526","LZ_CPS",2019,2,24.110119047619,6.02,86.42,9.27527395769405,0.195200561113212
"527","LZ_HOUSTON",2019,2,21.644255952381,5.51,57.43,6.7294652518031,0.185003548632533
"528","LZ_LCRA",2019,2,21.6669791666667,5.53,56.92,6.87821936195841,0.184597606130486
"529","LZ_NORTH",2019,2,20.8511458333333,4.36,56.78,7.1174606376172,0.191354544247269
"530","LZ_RAYBN",2019,2,21.0662797619048,4.7,57.29,6.84408538579951,0.184505534451186
"531","LZ_SOUTH",2019,2,23.7289583333333,6.44,61.77,7.51124002959337,0.183505811968975
"532","LZ_WEST",2019,2,22.7989583333333,2.99,67.26,9.30528570132901,0.216574727192148
"533","HB_BUSAVG",2019,3,27.5657200538358,7.31,675.6,34.2638916874765,0.201625067416432
"534","HB_HOUSTON",2019,3,27.8320323014805,8.18,651,32.6440667231485,0.201824258502809
"535","HB_HUBAVG",2019,3,27.1890309555855,5.95,674.86,34.3597233636379,0.206366958650327
"536","HB_NORTH",2019,3,28.1037146702557,8.95,676.5,34.1555939731651,0.197872811399636
"537","HB_SOUTH",2019,3,27.1355585464334,6.63,685.53,34.9949201924587,0.205790915124579
"538","HB_WEST",2019,3,25.6696769851952,-0.28,686.52,35.9357245258824,NA
"539","LZ_AEN",2019,3,27.7421803499327,7.11,685.8,34.6848740164378,0.204762739376665
"540","LZ_CPS",2019,3,29.3516958277254,6.47,725.84,38.7217131580793,0.20598085577994
"541","LZ_HOUSTON",2019,3,28.0803230148048,8.22,651.84,32.7086194843923,0.201214501709358
"542","LZ_LCRA",2019,3,27.6493135935397,6.58,692.67,35.1995486438444,0.204578365350621
"543","LZ_NORTH",2019,3,28.5940376850606,9.11,681.29,34.4362405222051,0.198459557716312
"544","LZ_RAYBN",2019,3,29.809798115747,12.38,682.64,34.219993845706,0.195573246634504
"545","LZ_SOUTH",2019,3,30.5294885598923,7.37,721.89,37.109002758386,0.203770790878116
"546","LZ_WEST",2019,3,31.2829609690444,2.25,698.52,37.278903319844,0.23886393306102
"547","HB_BUSAVG",2019,4,22.6131805555556,5.34,102.53,11.8531013421685,0.191287461747122
"548","HB_HOUSTON",2019,4,23.8706527777778,5.4,106.31,11.9996298385882,0.187499988916414
"549","HB_HUBAVG",2019,4,22.2211666666667,4.4,103.18,12.112938760854,0.198267325594406
"550","HB_NORTH",2019,4,22.9974027777778,5.53,100.8,11.6224363642911,0.186799705149886
"551","HB_PAN",2019,4,16.5487666666667,-19.01,99.64,14.2276819511024,0.574822065162428
"552","HB_SOUTH",2019,4,22.4633333333333,4.21,105.56,11.9081190731752,0.198319097479387
"553","HB_WEST",2019,4,19.551875,-0.3,100,13.8646527867355,NA
"554","LZ_AEN",2019,4,23.2703472222222,4.63,106.86,12.4943424645147,0.193377743694506
"555","LZ_CPS",2019,4,25.3635972222222,4.99,114.28,14.1976246707311,0.20682296627237
"556","LZ_HOUSTON",2019,4,24.2645833333333,5.44,107.4,12.1576581676325,0.187180362296044
"557","LZ_LCRA",2019,4,23.3147638888889,4.46,107.21,12.3683573093237,0.198255728654015
"558","LZ_NORTH",2019,4,23.7184305555556,6.62,103.76,11.9288490973747,0.186343881993565
"559","LZ_RAYBN",2019,4,24.9983055555556,7.34,113.75,11.7640753166883,0.181351165585326
"560","LZ_SOUTH",2019,4,27.1478333333333,4,134.58,14.6931392891268,0.199779333626376
"561","LZ_WEST",2019,4,21.6992361111111,0.69,112.83,14.6231482276841,0.271160664061235
"562","HB_BUSAVG",2019,5,23.9599327956989,9.46,67.19,8.56029861498486,0.132756402274465
"563","HB_HOUSTON",2019,5,24.7942741935484,9.59,67.67,8.95367187909662,0.133274450293331
"564","HB_HUBAVG",2019,5,23.8837634408602,9.03,67.33,8.57787970726816,0.134318574564326
"565","HB_NORTH",2019,5,23.9788844086022,9.96,67.3,8.68846604563717,0.133518602617532
"566","HB_PAN",2019,5,16.4143279569892,-15.06,67.69,13.5447924597573,NA
"567","HB_SOUTH",2019,5,24.0599462365591,9.4,66,8.27667734565329,0.131225375740742
"568","HB_WEST",2019,5,22.7026612903226,4.5,68.36,9.238910469479,0.171785324704093
"569","LZ_AEN",2019,5,24.6762365591398,9.12,68.42,8.73017949417377,0.131046518535695
"570","LZ_CPS",2019,5,26.2460752688172,9.35,80.88,9.84308795744855,0.138695677889538
"571","LZ_HOUSTON",2019,5,25.1536155913978,9.58,68.56,9.23424813356634,0.135688915564225
"572","LZ_LCRA",2019,5,24.5086827956989,9.06,66.1,8.51416657391498,0.130638239968661
"573","LZ_NORTH",2019,5,24.0114516129032,10.12,67.8,8.73872828555732,0.13353460471693
"574","LZ_RAYBN",2019,5,24.7881586021505,11.72,67.79,8.99923225208115,0.133618288533213
"575","LZ_SOUTH",2019,5,27.2109946236559,10.73,87.14,10.3674892425855,0.137338514550271
"576","LZ_WEST",2019,5,28.8519892473118,7.36,78.96,9.73739944002132,0.145959691345895
"577","HB_BUSAVG",2019,6,25.0855416666667,8.72,102.2,13.6515685256698,0.147840229864977
"578","HB_HOUSTON",2019,6,26.8976805555556,9.93,111.16,15.4538088812482,0.153745151626174
"579","HB_HUBAVG",2019,6,25.1715416666667,8.6,102.85,13.7888675637592,0.148440228226694
"580","HB_NORTH",2019,6,25.1758194444444,8.17,101.27,13.6024068227679,0.148196687369616
"581","HB_PAN",2019,6,20.7313194444444,-11.58,100.06,15.8262547416238,NA
"582","HB_SOUTH",2019,6,23.9043611111111,10.55,104.57,12.9824377416734,0.146790797195555
"583","HB_WEST",2019,6,24.7085555555556,5.04,100.16,13.5217850033574,0.157820018988175
"584","LZ_AEN",2019,6,24.4167916666667,10.2,101.71,12.9442773071816,0.14468174243074
"585","LZ_CPS",2019,6,26.3912916666667,11.52,155.41,16.0424644981653,0.165582751918839
"586","LZ_HOUSTON",2019,6,27.2267361111111,10,113.57,15.7629676147876,0.15467631895046
"587","LZ_LCRA",2019,6,24.5195416666667,11.18,101.6,13.1538033521454,0.145769036089758
"588","LZ_NORTH",2019,6,25.2079166666667,8.21,101.28,13.6184538893072,0.148282865504918
"589","LZ_RAYBN",2019,6,25.4585138888889,8.78,101.41,13.6540108434794,0.147698320273685
"590","LZ_SOUTH",2019,6,27.2595972222222,11.71,123.14,14.7590300113218,0.146627480248314
"591","LZ_WEST",2019,6,32.0267777777778,12.25,111.92,14.0867461319058,0.156059438325114
"592","HB_BUSAVG",2019,7,29.729623655914,11.28,274.56,26.8611572918224,0.194553445014506
"593","HB_HOUSTON",2019,7,29.9110080645161,11.34,274.33,26.8002920863523,0.194045535440868
"594","HB_HUBAVG",2019,7,29.6962365591398,11.28,274.53,26.8398112396248,0.194394171308518
"595","HB_NORTH",2019,7,29.7812903225806,11.22,274.65,26.9166751380303,0.195130136780705
"596","HB_PAN",2019,7,28.3845698924731,0.5,274.16,27.3651205791249,0.247214010856149
"597","HB_SOUTH",2019,7,29.6375,11.46,274.37,26.7667624478212,0.193698177142761
"598","HB_WEST",2019,7,29.4554704301075,11.03,274.78,26.9068436119251,0.196089072205582
"599","LZ_AEN",2019,7,29.7090860215054,11.37,274.59,26.803671565521,0.194050286226752
"600","LZ_CPS",2019,7,30.6671774193548,11.52,276.56,27.0777304782,0.191411210158111
"601","LZ_HOUSTON",2019,7,30.013064516129,11.35,274.79,26.8725449462488,0.194155621694264
"602","LZ_LCRA",2019,7,29.7479166666667,11.36,274.7,26.8177461401236,0.193915107096213
"603","LZ_NORTH",2019,7,29.8349462365591,11.22,274.89,26.9551257269944,0.195354050302778
"604","LZ_RAYBN",2019,7,30.0297177419355,11.21,279.33,27.1658569414939,0.195745224561455
"605","LZ_SOUTH",2019,7,31.1321639784946,11.68,279.97,27.6660579812289,0.191365460815882
"606","LZ_WEST",2019,7,32.075685483871,11.03,281.09,27.3403185344369,0.200002993052224
"607","HB_BUSAVG",2019,8,126.384086021505,10.04,3499.84,401.206306600097,0.51340986979039
"608","HB_HOUSTON",2019,8,126.625336021505,10.32,3499.86,401.44106407826,0.51212141902273
"609","HB_HUBAVG",2019,8,126.349838709677,9.9,3499.49,401.127258968344,0.513518476350994
"610","HB_NORTH",2019,8,126.52185483871,10,3500.92,401.518103927768,0.512939101676679
"611","HB_PAN",2019,8,124.991733870968,-9.99,3497.75,401.497627892849,NA
"612","HB_SOUTH",2019,8,125.936545698925,10.49,3497.19,400.265233231431,0.515538478970731
"613","HB_WEST",2019,8,126.315282258065,8.11,3500,401.288978973943,0.514495870931632
"614","LZ_AEN",2019,8,126.526922043011,10.34,3500.89,401.46034312338,0.513039177272365
"615","LZ_CPS",2019,8,127.696209677419,10.84,3504.12,401.513641435544,0.507950289072015
"616","LZ_HOUSTON",2019,8,126.693387096774,10.33,3500,401.468741018391,0.511865478003984
"617","LZ_LCRA",2019,8,126.670766129032,10.31,3503.28,401.727308181783,0.512583690743599
"618","LZ_NORTH",2019,8,126.600913978495,10.08,3501.54,401.631910650449,0.512644579881842
"619","LZ_RAYBN",2019,8,126.897889784946,10.38,3503.7,401.929260388411,0.509897129979222
"620","LZ_SOUTH",2019,8,127.109018817204,11,3499.67,400.768335136935,0.509088537573593
"621","LZ_WEST",2019,8,128.876465053763,9.12,3505.6,402.11414618227,0.502314070779457
"622","HB_BUSAVG",2019,9,79.615625,7.88,5008.32,380.21393107679,0.349351380425647
"623","HB_HOUSTON",2019,9,80.5876527777778,7.97,5011.16,380.543067820698,0.348847558811293
"624","HB_HUBAVG",2019,9,79.4591944444444,7.89,5008.13,380.173900259201,0.349567305991174
"625","HB_NORTH",2019,9,79.9195833333333,7.81,5010.22,380.538425419781,0.349785741140932
"626","HB_PAN",2019,9,72.8532916666667,-14.97,5010.1,381.547046709459,NA
"627","HB_SOUTH",2019,9,78.9004722222222,8.03,5000.73,379.02363509307,0.353710646981729
"628","HB_WEST",2019,9,78.42925,5.57,5010.39,380.618104760508,0.357468022315609
"629","LZ_AEN",2019,9,80.1695972222222,7.88,5010.17,380.276752077706,0.348338395478534
"630","LZ_CPS",2019,9,82.4363472222222,8.39,5011.57,379.896105961547,0.343171338293411
"631","LZ_HOUSTON",2019,9,80.7792916666667,7.97,5011.62,380.595493008502,0.348373251381453
"632","LZ_LCRA",2019,9,82.4672361111111,8,5011.71,380.759042512188,0.350701868834498
"633","LZ_NORTH",2019,9,80.7741527777778,7.81,5010.51,380.758969201848,0.350238745891719
"634","LZ_RAYBN",2019,9,80.6986388888889,7.81,5012.22,380.908202139825,0.350609337268094
"635","LZ_SOUTH",2019,9,81.0091111111111,8.37,4996.6,378.749398309663,0.343664879310056
"636","LZ_WEST",2019,9,83.4711388888889,6.59,5015.25,380.453918609898,0.35154604958309
"637","HB_BUSAVG",2019,10,28.2470564516129,6.39,851.45,53.2673442754153,0.230439843914873
"638","HB_HOUSTON",2019,10,30.3936021505376,9.65,870.3,55.0885931424052,0.223599909878583
"639","HB_HUBAVG",2019,10,28.1317607526882,6.05,851.39,53.4173839462655,0.231186828023061
"640","HB_NORTH",2019,10,27.9959677419355,6.11,853.71,53.3236016128693,0.235471827924623
"641","HB_PAN",2019,10,18.7167607526882,-20.69,843.05,54.7957275954051,NA
"642","HB_SOUTH",2019,10,29.4684005376344,8.4,838.47,52.0651182755333,0.221370159739791
"643","HB_WEST",2019,10,24.6681317204301,-1.42,843.07,53.5766423351376,NA
"644","LZ_AEN",2019,10,29.2804435483871,8.07,844.89,52.9510090920617,0.227887887881366
"645","LZ_CPS",2019,10,33.5536021505376,9.08,846.37,53.6608695468107,0.218383324423045
"646","LZ_HOUSTON",2019,10,30.6423790322581,9.62,872.98,55.3319277365052,0.223510260028592
"647","LZ_LCRA",2019,10,29.0158064516129,7.78,851.35,53.564423486241,0.226961269724478
"648","LZ_NORTH",2019,10,28.7329435483871,6.21,863.71,54.4256109732951,0.239248907324164
"649","LZ_RAYBN",2019,10,28.5543817204301,7.43,850.07,52.132790025556,0.236781718929192
"650","LZ_SOUTH",2019,10,32.9421102150538,6.93,846.41,53.6600556841448,0.225197532193054
"651","LZ_WEST",2019,10,49.3833602150538,0.79,873.07,62.3968560200246,0.313567877138549
"652","HB_BUSAVG",2019,11,23.468375,3.26,203.7,14.6383935520287,0.228575570150497
"653","HB_HOUSTON",2019,11,24.0215,3.79,198.8,14.300458495621,0.224289795576419
"654","HB_HUBAVG",2019,11,23.2572361111111,2.91,201.15,14.5403688688645,0.230528715088869
"655","HB_NORTH",2019,11,23.6286111111111,3.49,212.85,15.1213418068797,0.229953791221733
"656","HB_PAN",2019,11,11.6612916666667,-29.98,211.43,21.725598922421,NA
"657","HB_SOUTH",2019,11,23.7185555555556,3.95,181.03,13.4976905405098,0.221125930944891
"658","HB_WEST",2019,11,21.6602638888889,0.08,211.91,15.6952365074959,0.310591695739361
"659","LZ_AEN",2019,11,24.4080138888889,3.77,209.08,14.9195352731759,0.223952800018777
"660","LZ_CPS",2019,11,25.5751388888889,4.88,213.22,15.1555411214657,0.217259587735393
"661","LZ_HOUSTON",2019,11,24.1816111111111,3.8,199.8,14.4726975767333,0.223569848248551
"662","LZ_LCRA",2019,11,24.4852222222222,4.14,207.11,14.7246478272393,0.224053421022696
"663","LZ_NORTH",2019,11,24.1536111111111,3.67,218.41,15.7428281930141,0.229317075997624
"664","LZ_RAYBN",2019,11,24.5175694444444,4.57,222.55,15.8181557912966,0.235441024685842
"665","LZ_SOUTH",2019,11,25.8037083333333,5.53,195.9,14.7722210261541,0.217098703083385
"666","LZ_WEST",2019,11,49.3408472222222,3.6,286.91,31.8761258708293,0.265728389061251
"667","HB_BUSAVG",2019,12,18.7150806451613,3.74,59.84,6.74497591753129,0.184859001206498
"668","HB_HOUSTON",2019,12,18.6725,3.8,59.43,6.62205558124746,0.183857883111297
"669","HB_HUBAVG",2019,12,18.623373655914,3.49,60.41,6.7524925293939,0.185262049913948
"670","HB_NORTH",2019,12,18.7319892473118,4.01,59.75,6.80660403483986,0.186258274739507
"671","HB_PAN",2019,12,8.81724462365591,-27.84,60.3,16.0451901889161,NA
"672","HB_SOUTH",2019,12,18.9525134408602,3.58,69.69,6.65683247296869,0.18233173214317
"673","HB_WEST",2019,12,18.1364247311828,2.15,60.71,7.18867704410167,0.199929496896523
"674","LZ_AEN",2019,12,19.0517069892473,3.76,59.87,6.60797384584771,0.179823896025993
"675","LZ_CPS",2019,12,19.9978629032258,3.86,104.42,7.93424632465264,0.185864132141963
"676","LZ_HOUSTON",2019,12,18.9198521505376,3.8,59.5,6.87740726324373,0.184336083643408
"677","LZ_LCRA",2019,12,19.4568817204301,3.75,84.34,7.25599086638184,0.182920231881743
"678","LZ_NORTH",2019,12,19.0068010752688,4.07,59.99,7.14236527193463,0.188758305786599
"679","LZ_RAYBN",2019,12,19.0850672043011,4.69,60.53,7.10143535589223,0.18703427398695
"680","LZ_SOUTH",2019,12,19.7868817204301,3.46,77.45,7.02322510932071,0.180539710321287
"681","LZ_WEST",2019,12,39.5025940860215,7.32,195.71,27.9758619733868,0.285299501832273
